"CITY","total_contributions","number_of_contributions"
"SACRAMENTO",20824741.46,3499
"LOS ANGELES",6269631.34,6864
"SAN FRANCISCO",6054586.59,6741
"OAKLAND",4397797.83,2891
"SANTA CRUZ",2110514.33,1373
"PALO ALTO",1687461.99,1008
"MENLO PARK",1145833,662
"SAN DIEGO",952303.73,5066
"ATHERTON",718880.01,96
"SAN JOSE",517927.58,2985
"BEVERLY HILLS",405911,420
"BERKELEY",334375.5,2272
"SANTA MONICA",311459,1169
"LOS ALTOS",309925,596
"LONG BEACH",308737.38,1403
"NEWPORT BEACH",293837.5,400
"SANTA ANA",237488.5,336
"ENCINO",235647,423
"WOODSIDE",230097.5,142
"PASADENA",210754.75,1043
"ROSEVILLE",202011,681
"BURLINGAME",188012,289
"CLAREMONT",174734,266
"SANTA BARBARA",173288.09,1766
"SANTA ROSA",167470.5,1721
"CORONA DEL MAR",167110,121
"WALNUT CREEK",147271,1257
"SAN BERNARDINO",146761,88
"SAN LUIS OBISPO",134702,420
"BUENA PARK",133420,81
"CARMEL VALLEY",125861.57,149
"MILL VALLEY",114127.22,863
"FRESNO",95563,699
"PACIFIC PALISADES",94120,269
"SAN RAFAEL",84473,1105
"IRVINE",80852,703
"SAN MATEO",80564.98,679
"ENCINITAS",77931,601
"LAFAYETTE",76004,433
"PALM SPRINGS",75853,993
"PIEDMONT",73715,353
"DAVIS",69122,840
"HUNTINGTON BEACH",68987.5,705
"SAUSALITO",65667,303
"MOUNTAIN VIEW",65007.41,642
"PETALUMA",63771.44,831
"REDWOOD CITY",63728.5,632
"SHERMAN OAKS",63716,782
"LA JOLLA",63001,507
"LOS ALTOS HILLS",62815,127
"SUNNYVALE",62779.1,566
"AGOURA HILLS",59915,152
"CARLSBAD",59293.5,853
"MANHATTAN BEACH",58670,451
"NAPA",57336.5,772
"ALAMEDA",57141.53,673
"SAN PEDRO",57078,309
"HILLSBOROUGH",55076,136
"MILLBRAE",54320,62
"SONOMA",53721,654
"LOS GATOS",52525.5,503
"CHICO",51529.5,693
"NOVATO",49012.49,712
"VENTURA",46082.56,762
"SEBASTOPOL",45974.52,663
"CUPERTINO",45562,265
"RANCHO PALOS VERDES",45510.5,218
"STUDIO CITY",45346.5,450
"VISALIA",45088,189
"REDONDO BEACH",44548.5,592
"WOODLAND HILLS",43335,395
"FULLERTON",43034,320
"PLEASANTON",41847.26,426
"FAIR OAKS",41464,324
"CAMARILLO",40812,509
"SAN CARLOS",40345,385
"WEST HOLLYWOOD",40062,378
"ORINDA",39649.5,346
"OCEANSIDE",39254,610
"BURBANK",37654,441
"SOLANA BEACH",37517,159
"ESCONDIDO",37416.5,513
"SAN ANSELMO",37353,371
"ELK GROVE",36635,432
"RIVERSIDE",34460.22,481
"MISSION VIEJO",34401,441
"THOUSAND OAKS",33410.94,451
"DANVILLE",33177.5,376
"ORANGE",32945.91,426
"SAN CLEMENTE",32683,416
"LIVERMORE",32272,487
"NORWALK",31950,65
"NEWARK",31440,61
"EL CERRITO",31374.25,436
"SANTA CLARA",31273.21,353
"GLENDALE",31232.72,445
"LAGUNA NIGUEL",31065,457
"SARATOGA",30556.5,205
"PALM DESERT",30515,536
"TORRANCE",30242.94,438
"LOS OSOS",30066,256
"LA MESA",29826.5,433
"FREMONT",28935.5,389
"RICHMOND",28846,516
"CARMICHAEL",28507,401
"MALIBU",28282,172
"DEL MAR",28124,285
"PORTOLA VALLEY",27926,220
"KENTFIELD",27734,174
"VENICE",27711,329
"CULVER CITY",27497.5,344
"HEALDSBURG",27432,298
"FOLSOM",27397.5,383
"LARKSPUR",27278,230
"RANCHO MIRAGE",27197,391
"APTOS",26667.5,358
"OJAI",26192,325
"KENSINGTON",25947.5,229
"AUBURN",25834.5,342
"ARROYO GRANDE",25465,289
"GOLD RUN",25200,3
"LAGUNA BEACH",25101,324
"CASTRO VALLEY",24911.68,370
"SAN RAMON",24885,308
"BAKERSFIELD",24830,439
"BELMONT",24494,235
"ALBANY",24462,296
"MARINA DEL REY",23891,329
"PACIFICA",23842,324
"SIMI VALLEY",23689.5,373
"TEMECULA",23534,368
"CARMEL",23422.75,299
"RANCHO SANTA FE",23162.5,169
"CONCORD",23139,388
"VISTA",23076,348
"ANAHEIM",23031,368
"COSTA MESA",22536,393
"EL DORADO HILLS",22271,322
"GRASS VALLEY",22167.5,359
"MONTEREY",21914.5,295
"ALTADENA",21774.52,316
"SEAL BEACH",21552,231
"WESTLAKE VILLAGE",21507,254
"MURRIETA",21460,250
"GOLETA",21406,261
"REDDING",21070,337
"STOCKTON",20998,318
"SAN LEANDRO",20653.4,274
"ALISO VIEJO",20545,172
"MARTINEZ",20408.5,324
"GREENBRAE",20377.5,132
"MODESTO",20299,313
"NEWBURY PARK",20131.25,199
"CHULA VISTA",19724,367
"REDLANDS",19650,266
"SALINAS",19540.46,294
"TIBURON",19526,157
"EL CAJON",19461,301
"CORTE MADERA",19358,207
"NEVADA CITY",19253.2,322
"SAN MARCOS",19116.78,280
"HAYWARD",19071.09,252
"MILPITAS",19055,105
"LINCOLN",19022,306
"CAMPBELL",18911.5,258
"SCOTTS VALLEY",18863,253
"BENICIA",18668,257
"OXNARD",18599,320
"POWAY",18308,211
"WHITTIER",18239.5,298
"PLEASANT HILL",18227.5,280
"FAIRFIELD",18223,276
"UPLAND",17973,166
"WEST SACRAMENTO",17813,115
"TRUCKEE",17488.72,227
"HALF MOON BAY",17478,216
"SAN JUAN CAPISTRANO",17284,198
"VALLEJO",17113.5,303
"ALAMO",17101,119
"PLACERVILLE",17076.88,242
"VALENCIA",16855,295
"CORONA",16834.5,229
"ROCKLIN",16637,257
"WOODLAND",16586,223
"VACAVILLE",16585,333
"CATHEDRAL CITY",16481,328
"FAIRFAX",16026,227
"DANA POINT",16004,195
"CALABASAS",16000,160
"OCCIDENTAL",15809.5,95
"CORRALITOS",15635,17
"LAKE FOREST",15598,183
"NORTH HOLLYWOOD",15368,268
"LOOMIS",15315,95
"PACIFIC GROVE",15018,254
"LA QUINTA",15003.5,245
"EUREKA",14845.5,279
"VAN NUYS",14565,241
"CORONADO",14554,137
"CAMBRIA",14448.5,190
"TARZANA",14439.5,192
"RANCHO CUCAMONGA",13820,159
"SANTA CLARITA",13807,224
"MORGAN HILL",13598,195
"FALLBROOK",13523,240
"HERMOSA BEACH",13455,148
"CHATSWORTH",13372,162
"SOUTH PASADENA",13297,191
"NORTHRIDGE",13047,228
"ROSS",12932,56
"WINDSOR",12834,177
"LAGUNA HILLS",12744,189
"BRENTWOOD",12716,180
"TUSTIN",12675,177
"SOQUEL",12656,158
"SAINT HELENA",12523,90
"VALLEY VILLAGE",12374,128
"BELVEDERE TIBURON",12177.5,80
"WEST HILLS",12139.5,178
"GRANITE BAY",11918,192
"WATSONVILLE",11788,201
"LAGUNA WOODS",11700.5,276
"TOPANGA",11578,148
"CLOVIS",11563,201
"YORBA LINDA",11537.5,162
"FOSTER CITY",11498,108
"EMERYVILLE",11445,175
"SAN MARINO",11295,84
"ATASCADERO",11249,190
"INDIO",10925,108
"PASO ROBLES",10881,230
"MORAGA",10785,142
"LA CANADA FLINTRIDGE",10753.5,87
"GILROY",10737,182
"SPRING VALLEY",10499,164
"MONTE SERENO",10430,77
"PALOS VERDES ESTATES",10353,127
"FOUNTAIN VALLEY",10253.5,137
"PALOMAR PARK",10100,2
"ORANGEVALE",10062,152
"FORT BRAGG",9900.5,153
"ARCATA",9724,171
"CARSON",9665,85
"CAPITOLA",9624,145
"MANTECA",9571,136
"CARPINTERIA",9514.06,139
"UKIAH",9464,173
"DALY CITY",9226,113
"LAKEWOOD",9090,146
"NIPOMO",8871,120
"GRANADA HILLS",8830.5,114
"SANTA MARIA",8801,154
"MONROVIA",8787,119
"TRACY",8758,122
"TOLUCA LAKE",8717,77
"DUBLIN",8715,119
"SAN BRUNO",8642,127
"MORRO BAY",8637.5,124
"CITRUS HEIGHTS",8598,154
"RANCHO CORDOVA",8560,149
"SIERRA MADRE",8525.5,120
"PEBBLE BEACH",8497.5,58
"MOSS BEACH",8452,67
"LA CANADA",8349,106
"MOORPARK",8349,136
"EL SEGUNDO",8343,127
"PISMO BEACH",8338,106
"LA CRESCENTA",8335,111
"ARCADIA",8255,93
"MENIFEE",8240,145
"UNION CITY",8201,132
"LOS ALAMITOS",8166,110
"BOULDER CREEK",7998,133
"GLEN ELLEN",7981,70
"PINOLE",7912,99
"EMERALD HILLS",7763.5,80
"PLAYA DEL REY",7756,86
"ALHAMBRA",7745,109
"DOWNEY",7538.5,118
"CALISTOGA",7499,100
"TRABUCO CANYON",7483,129
"STANFORD",7430,63
"MONTECITO",7342.5,44
"SANTA ROSA VALLEY",7305,31
"HACIENDA HEIGHTS",7263.5,110
"HEMET",7260.5,157
"BREA",7240,123
"FORESTVILLE",7220,93
"SOUTH SAN FRANCISCO",7068.02,101
"INGLEWOOD",7003.5,113
"SOUTH LAKE TAHOE",6953,112
"ROHNERT PARK",6950,157
"LANCASTER",6927,120
"OLYMPIC VALLEY",6785,29
"GLENDORA",6708,100
"CHINO HILLS",6705,102
"PENN VALLEY",6665,134
"ANTIOCH",6635,159
"CERRITOS",6604.89,97
"RANCHO SANTA MARGARITA",6577,116
"CARDIFF BY THE SEA",6511,85
"WESTMINSTER",6486,100
"TEMPLETON",6485,102
"ROLLING HILLS",6470,25
"GOLD RIVER",6385,93
"INDIAN WELLS",6321,71
"MOUNT SHASTA",6310,79
"OAK PARK",6290,85
"GARDEN GROVE",6240.69,102
"CANYON COUNTRY",6207.5,79
"VILLA PARK",6200,16
"LADERA RANCH",6162,84
"ALPINE",6143.5,103
"YUCAIPA",6123,110
"CLOVERDALE",6080,98
"CARDIFF",6076,121
"RANCHO MISSION VIEJO",6074,75
"CLAYTON",6052.5,97
"SOLVANG",5925,93
"LOMPOC",5899,115
"FELTON",5865,99
"NEWHALL",5815,45
"HOLLISTER",5808,92
"FONTANA",5765,87
"SONORA",5699,98
"ROLLING HILLS ESTATES",5680,64
"COTATI",5588,61
"YUBA CITY",5555,63
"WEST COVINA",5541,104
"RAMONA",5515.5,99
"HAWTHORNE",5515,88
"MARINA",5510,74
"BRISBANE",5505,42
"PORTER RANCH",5487,85
"AROMAS",5470,42
"NEWPORT COAST",5468,46
"MORENO VALLEY",5418,115
"BELVEDERE",5335,24
"TURLOCK",5269,107
"SANTEE",5245.5,85
"ONTARIO",5176,91
"MCKINLEYVILLE",5171,106
"POINT REYES STATION",5155,56
"APPLE VALLEY",5145,68
"LA VERNE",5127,82
"PARADISE",5090,58
"LODI",5063.5,95
"SAN FRANCICO",5000,1
"RIDGECREST",4978,77
"VALLEY CENTER",4963,69
"DESERT HOT SPRINGS",4953,126
"OAK VIEW",4948,59
"BONSALL",4935,55
"CYPRESS",4914,95
"PLACENTIA",4911,111
"POMONA",4893,74
"PALMDALE",4758.01,73
"COVINA",4731,61
"SEASIDE",4680,83
"WALNUT",4658,69
"RESEDA",4644,88
"SAN GABRIEL",4639,64
"BEAUMONT",4606,97
"MERCED",4605,94
"EL SOBRANTE",4591,88
"BISHOP",4582.5,59
"NORTH HILLS",4579,94
"MAMMOTH LAKES",4548,39
"LAKESIDE",4488,89
"YOUNTVILLE",4485,49
"HERCULES",4428.5,109
"SYLMAR",4380,75
"VICTORVILLE",4345,82
"SAN DIMAS",4335,76
"IDYLLWILD",4292.5,51
"BEN LOMOND",4260,73
"YUCCA VALLEY",4237,73
"TEHACHAPI",4208,67
"MONTARA",4176,46
"PLAYA VISTA",4173,63
"WINTERS",4155,60
"DIAMOND BAR",4128,61
"GARDENA",4125,70
"BANNING",4107,79
"VALLEY GLEN",4030,24
"HIGHLAND",4025,69
"ELK",3950,16
"MENDOCINO",3905,78
"SANTA PAULA",3902,58
"CANOGA PARK",3852,54
"CENTURY CITY",3850,29
"MONTEBELLO",3826,65
"EL GRANADA",3801,45
"SHINGLE SPRINGS",3760,56
"RANCHO MURIETA",3740,26
"GROVER BEACH",3737,70
"NORCO",3655,56
"MONTEREY PARK",3605,28
"BONITA",3600,62
"CAMERON PARK",3560,52
"PITTSBURG",3557,52
"CHINO",3505,56
"GUALALA",3460,59
"SUNLAND",3445,43
"CARMEL BY THE SEA",3411,35
"MADERA",3379,67
"TAHOE CITY",3315,33
"PERRIS",3294,86
"LA HABRA",3285,52
"OAKDALE",3285,32
"GUERNEVILLE",3274,78
"JAMUL",3273,49
"LA MIRADA",3230,47
"LAKE ELSINORE",3213,52
"PORT HUENEME",3206,58
"MARIPOSA",3190,73
"RIO VISTA",3175,54
"WILLITS",3138.5,61
"TUJUNGA",3126,61
"TRINIDAD",3115,41
"SUISUN CITY",3108,69
"INVERNESS",3089,46
"CRESCENT CITY",3070,61
"CAYUCOS",3057,39
"MEADOW VISTA",3045,49
"OROVILLE",3035,63
"ANTELOPE",3015,64
"IMPERIAL BEACH",2994,58
"SANTA YNEZ",2980,42
"WOODACRE",2954,51
"STEVENSON RANCH",2875,33
"SAN PABLO",2860,38
"YREKA",2834,36
"RED BLUFF",2800,27
"COARSEGOLD",2795,46
"OAKLEY",2780,34
"JURUPA VALLEY",2770,60
"LA HONDA",2755,38
"BODEGA BAY",2720,21
"JOSHUA TREE",2720,55
"COLFAX",2698,28
"WOODBRIDGE",2695,35
"NORTH TUSTIN",2685,15
"LEMON GROVE",2627,45
"VIEW PARK",2575,30
"HUNTINGTON PARK",2560,10
"BELLFLOWER",2545,46
"QUINCY",2509,40
"HIDDEN HILLS",2508,29
"KELSEYVILLE",2491,48
"GRATON",2485,19
"DURHAM",2470,24
"SAN LORENZO",2450,39
"WESTCHESTER",2433,25
"WINNETKA",2415,53
"SOMIS",2387,25
"CASTAIC",2365,39
"MONTE RIO",2363,20
"STINSON BEACH",2360,23
"TULARE",2360,44
"AMERICAN CANYON",2357,45
"LA HABRA HEIGHTS",2351.5,22
"EL MONTE",2333,37
"OAKHURST",2305,44
"ARNOLD",2300,19
"AZUSA",2293,34
"JULIAN",2285,36
"BOONVILLE",2275,12
"GEYSERVILLE",2265,25
"EL MACERO",2250,17
"FORTUNA",2240,42
"NICASIO",2240,25
"SAN ANDREAS",2235,6
"PARAMOUNT",2230,8
"DIXON",2208,42
"REDWOOD VALLEY",2197,55
"JACKSON",2185,34
"LOMITA",2181,26
"DESCANSO",2180,13
"ATWATER",2140,61
"BUELLTON",2110,45
"SUN VALLEY",2088,35
"SAN GERONIMO",2073,26
"ORCUTT",2060,43
"SUTTER CREEK",2055,42
"BAYSIDE",2036,51
"PENNGROVE",2015,36
"ACAMPO",2000,18
"BORREGO SPRINGS",1986,38
"ANDERSON",1975,31
"SUMMERLAND",1972,33
"EAST PALO ALTO",1945,27
"ROWLAND HEIGHTS",1943,49
"COTO DE CAZA",1915,49
"EL CENTRO",1909,44
"RIPON",1875.26,27
"DISCOVERY BAY",1867,23
"CANYON LAKE",1860,18
"FAIRVIEW",1860,27
"SIGNAL HILL",1858,47
"WILDOMAR",1845,35
"WINCHESTER",1845,25
"TEMPLE CITY",1840,32
"FILLMORE",1815,40
"SUNSET BEACH",1800,12
"HOLLYWOOD",1797,30
"ALTA LOMA",1790,40
"LATHROP",1785,21
"NATIONAL CITY",1780,25
"HARBOR CITY",1775,25
"COLTON",1764,37
"ALBION",1739,26
"ROSEMEAD",1735,32
"PENRYN",1726,22
"HYDESVILLE",1725,13
"LOS BANOS",1718,34
"DUARTE",1715,27
"MUIR BEACH",1700,12
"KNEELAND",1680,27
"POLLOCK PINES",1676,59
"SELMA",1670,25
"LOMA LINDA",1640,23
"CAPISTRANO BEACH",1610,18
"HELENDALE",1600,3
"PLYMOUTH",1600,4
"MARYSVILLE",1590,20
"THE SEA RANCH",1590,16
"LAKEPORT",1580,21
"ETNA",1572,16
"NEWCASTLE",1565,24
"TWAIN HARTE",1558,29
"GALT",1547.5,25
"PALO CEDRO",1540,17
"TWENTYNINE PALMS",1535,17
"ROSSMOOR",1530,14
"BIG BEAR LAKE",1510,24
"LAWNDALE",1510,17
"TAHOE VISTA",1510,12
"HIDDEN VALLEY LAKE",1497,28
"CAMINO",1481,24
"WILTON",1475,18
"BALDWIN PARK",1450,27
"SHERWOOD FOREST",1450,20
"THREE RIVERS",1435,33
"DAVENPORT",1431,15
"MURPHYS",1430,25
"REEDLEY",1426,27
"MONTCLAIR",1405,27
"ASHLAND",1400,7
"PACHECO",1400,9
"LA PUENTE",1398,28
"PESCADERO",1361,22
"FOREST RANCH",1355,29
"ISLETON",1350,9
"PHILO",1335,24
"HANFORD",1311,38
"LATROBE",1300,4
"PICO RIVERA",1289,28
"KENWOOD",1285,14
"PHELAN",1285,12
"PATTERSON",1260,30
"LA PALMA",1253,18
"BOLINAS",1250,17
"CORONA DL MAR",1250,7
"CRESTLINE",1245,20
"SAN MARTIN",1240,21
"WILMINGTON",1230,14
"LAKE BALBOA",1214,28
"PALOS VERDES PENINSULA",1205,16
"BERMUDA DUNES",1200,22
"MAGALIA",1189,21
"FOOTHILL RANCH",1178,29
"MENTONE",1176,28
"WEED",1175,18
"RIALTO",1155,16
"SODA SPRINGS",1150,16
"VALLEY SPRINGS",1140,19
"AGUANGA",1120,27
"FOREST KNOLLS",1110,12
"CAZADERO",1105,22
"DIABLO",1090,13
"GRAND TERRACE",1090,16
"SOUTH GATE",1090,16
"ESCALON",1088,27
"CALEXICO",1085,24
"SANTA MARGARITA",1075,30
"SAN JACINTO",1068,26
"RUTHERFORD",1061,16
"ANGWIN",1060,12
"WILLOWS",1050,8
"COMPTON",1048,23
"SOMERSET",1045,17
"COPPEROPOLIS",1035,13
"PLUMAS LAKE",1033,24
"LATON",1025,11
"SAN JUAN BAUTISTA",1020,16
"STANTON",1020,23
"BALLICO",1000,1
"RIMFOREST",1000,1
"RYDE",1000,2
"BLUE LAKE",991,13
"ORLAND",988,25
"RIVERBANK",970,10
"SANGER",965,20
"AVILA BEACH",960,15
"CROCKETT",960,11
"POINT RICHMOND",960,13
"GREENVILLE",955,11
"CASTROVILLE",945,9
"PINE GROVE",940,23
"PIONEER",930,15
"GARDEN VALLEY",927.03,23
"ANGELS CAMP",925,7
"PANORAMA CITY",923,18
"SOUTH EL MONTE",910,20
"MIDDLETOWN",905,16
"NORTH SAN JUAN",896,15
"SILVERADO",896,12
"KERNVILLE",895,21
"BIG BEND",888,4
"FORESTHILL",888,12
"EASTVALE",885,20
"REDWAY",885,12
"DIAMOND SPRINGS",883,21
"COOL",880,13
"LOS OLIVOS",870,14
"GROVELAND",860,13
"SAN MIGUEL",855,55
"MISSION HILLS",850,7
"ESPARTO",825,12
"CALABASAS HILLS",821,15
"SALIDA",820,8
"CLIO",811,14
"BLUE JAY",810,9
"COTTONWOOD",810,11
"LA SELVA BEACH",810,20
"SPRINGVILLE",810,12
"DENAIR",805,13
"MARINA DL REY",800,5
"OAKVILLE",800,7
"PT RICHMOND",800,17
"LAGUNITAS",780,19
"HOMELAND",775,20
"ROYAL OAKS",775,7
"EL DORADO",770,15
"MONTROSE",770,9
"WRIGHTWOOD",768,17
"BAY POINT",765,23
"OCEANO",765,17
"PORTERVILLE",765,12
"LOWER LAKE",762,19
"PEARBLOSSOM",750,7
"RANCHO CASCADES",750,9
"CALIFORNIA CITY",749,20
"CHERRY VALLEY",745,10
"RIO LINDA",745,23
"HESPERIA",738,27
"EXETER",735,21
"MAYWOOD",735,13
"MOSS LANDING",735,8
"MOUNTAIN HOUSE",735,11
"DOVE CANYON",725,8
"LAKE ARROWHEAD",720,14
"LIVE OAK",715,11
"EAST GARRISON",705,4
"ACTON",700,7
"BELLA VISTA",700,9
"CLEARLAKE OAKS",700,17
"COALINGA",700,4
"FREEDOM",700,15
"RODEO",700,3
"SUSANVILLE",700,10
"THOUSAND PALMS",700,31
"LEWISTON",690,21
"PALA",688,14
"CERES",680,14
"FERNDALE",680,10
"LA CANADA FLT",670,7
"TERRA BELLA",670,6
"RESCUE",667,15
"SIERRA CITY",655,12
"AUBERRY",650,4
"COACHELLA",650,3
"ROUGH AND READY",650,6
"CEDARVILLE",620,13
"SMARTSVILLE",620,12
"TUOLUMNE",620,24
"TAHOMA",610,6
"BIG SUR",605,14
"GEORGETOWN",605,27
"COLUSA",604,22
"TOMALES",602.5,20
"BRADLEY",600,2
"CAMPTONVILLE",600,6
"INDEPENDENCE",600,3
"LYTLE CREEK",600,2
"MOKELUMNE HILL",600,9
"PORTOLA HILLS",600,3
"WEIMAR",600,8
"WHEATLAND",600,6
"CHESTER",596,15
"LITTLE RIVER",596,17
"BLYTHE",590,17
"ALTURAS",570,3
"NORTH HIGHLANDS",564,10
"SAUGUS",560,8
"SUN CITY",558,15
"JAMESTOWN",553,20
"KINGSBURG",553,17
"BODEGA",550,7
"SUGARLOAF",550,5
"CARNELIAN BAY",545,11
"CHOWCHILLA",545,9
"SHELL BEACH",540,12
"MONTAGUE",536,17
"BIG BEAR CITY",535,5
"FOUNTAIN VLY",535,2
"GRAEAGLE",535,11
"WINDSOR HILLS",530,9
"DUNCANS MILLS",520,9
"MIRAMONTE",520,11
"MOUNTAIN CENTER",520,7
"SOLEDAD",516,20
"CAPO BEACH",515,11
"DILLON BEACH",515,10
"POTTER VALLEY",513,10
"PILOT HILL",512,24
"ALTAVILLE",500,2
"GRIDLEY",500,6
"JUNCTION CITY",500,5
"RIVER PINES",500,1
"SAN FERNANDO",500,4
"WATERFORD",500,4
"OREGON HOUSE",495,13
"LEMOORE",493,13
"APPLEGATE",485,13
"LAKE SHERWOOD",485,7
"AGOURA",475,6
"BRIONES",475,8
"LLANO",466,20
"SHADOW HILLS",460,21
"JENNER",450,7
"NORD",450,2
"WEST POINT",450,5
"PRUNEDALE",448,8
"CORNING",444,9
"KINGS BEACH",436,10
"SHASTA LAKE",430,7
"SANTA FE SPRINGS",426,16
"PACOIMA",420,8
"WINTON",420,8
"ANZA",410,19
"PIRU",404,11
"DINUBA",400,4
"HUNTINGTN BCH",400,5
"INYOKERN",400,6
"LOCKEFORD",400,7
"LOYALTON",400,2
"WOODLAND HLS",400,6
"LOS MOLINOS",395,7
"FORBESTOWN",390,14
"BELL CANYON",385,7
"LANDERS",385,5
"CITY OF INDUSTRY",375,5
"DEL REY OAKS",375,4
"FAWNSKIN",375,5
"FIDDLETOWN",375,6
"FULTON",375,11
"LAYTONVILLE",375,3
"PRATHER",375,9
"NORTH FORK",365,7
"BOYES HOT SPRINGS",350,5
"COMMERCE",350,5
"JUNE LAKE",350,5
"LITTLEROCK",350,7
"NUEVO",350,2
"YORKVILLE",350,3
"AVALON",345,17
"HANSEN HILLS",340,6
"LAKE ISABELLA",340,5
"FRENCH CAMP",325,4
"MOUNT HERMON",325,4
"COULTERVILLE",320,4
"LOS ALAMOS",320,6
"RUMSEY",310,11
"ELVERTA",305,7
"RIO DELL",305,11
"AGUA DULCE",300,3
"ARLETA",300,4
"BONNY DOON",300,2
"BRAWLEY",300,5
"CALIMESA",300,4
"LINDEN",300,3
"LOMA MAR",300,4
"OAK HILLS",300,4
"OLIVEHURST",300,4
"RSM",300,3
"TRONA",300,4
"WESTLAKE VLG",300,3
"WESTWOOD",300,4
"NAVARRO",295,5
"MORONGO VALLEY",290,7
"TAYLORSVILLE",285,5
"MIRANDA",280,7
"UPPER LAKE",280,17
"AVERY",275,8
"CANYON CNTRY",275,5
"POINT ARENA",275,4
"LOTUS",270,6
"IMPERIAL",265,5
"REDWOOD EST",260,2
"WARNER SPRINGS",260,7
"GASQUET",253,8
"BELL GARDENS",250,3
"COLOMA",250,1
"HOMEWOOD",250,4
"KING CITY",250,3
"LAKE HUGHES",250,3
"MARKLEEVILLE",250,4
"MI WUK VLG",250,1
"PETROLIA",250,1
"SAMOA",250,3
"SMITH RIVER",250,1
"VOLCANO",250,1
"WISHON",250,1
"WOODLAKE",250,3
"CLEARLAKE",245,7
"N HOLLYWOOD",245,6
"POPE VALLEY",245,5
"BRANSCOMB",242,6
"IGO",240,5
"MATHER",240,3
"AHWAHNEE",235,7
"CATHEYS VALLEY",235,5
"EDWARDS",235,3
"LUCERNE VALLEY",233,8
"CEDAR RIDGE",230,6
"CHERRYLAND",230,5
"DUNSMUIR",226,4
"DRYTOWN",225,3
"LINDSAY",225,4
"LYNWOOD",225,7
"PAUMA VALLEY",225,8
"MECCA",220,6
"PORTOLA",220,7
"SAN YSIDRO",220,5
"ARTESIA",215,5
"COLUMBIA",210,4
"BEAR VALLEY",200,2
"CADIZ",200,2
"CALPELLA",200,2
"CAMP CONNELL",200,2
"CEDAR GLEN",200,2
"COMPTCHE",200,2
"DOWNIEVILLE",200,2
"HAYFORK",200,3
"HUGHSON",200,3
"JANESVILLE",200,2
"KEENE",200,3
"LOLETA",200,2
"MCARTHUR",200,3
"MEADOW VALLEY",200,4
"MOCCASIN",200,2
"MOUNTAIN RANCH",200,2
"NICOLAUS",200,2
"ORANGE COVE",200,3
"PIONEERTOWN",200,2
"PORT COSTA",200,2
"PT REYES STA",200,2
"RACKERBY",200,3
"REDWOOD ESTATES",200,2
"ROSAMOND",200,2
"S PASADENA",200,2
"SHERIDAN",200,2
"SHINGLETOWN",200,5
"SIERRAVILLE",200,1
"SN LUIS OBISP",200,2
"THERMAL",200,2
"TRINITY CENTER",200,2
"TWIN PEAKS",200,2
"WALNUT GROVE",200,2
"WEAVERVILLE",200,2
"WILLOW CREEK",200,2
"YOSEMITE NATIONAL PARK",200,2
"BRIDGEPORT",195,5
"CRESCENT MILLS",195,4
"TEMESCAL VALLEY",190,5
"HORNBROOK",185,3
"SAN QUENTIN",185,4
"OAK RUN",184,5
"FORT JONES",180,12
"IONE",180,4
"BIG PINE",175,3
"NEWMAN",175,12
"CUTLER",170,3
"WILLIAMS",170,7
"YOLO",165,9
"ADELANTO",155,4
"BIG OAK VLY",155,7
"CAPAY",150,5
"COVELO",150,5
"FRAZIER PARK",150,2
"GONZALES",150,2
"GREENFIELD",150,2
"HERALD",150,2
"HOPLAND",150,5
"KAGEL CANYON",150,12
"LEONA VALLEY",150,3
"LOS ANGELES AFB",150,2
"LUCERNE",150,2
"MORADA",150,2
"OCOTILLO",150,2
"RANCHO BELAGO",150,3
"RIVERDALE",150,2
"SANTA YSABEL",150,2
"SCOTT BAR",150,2
"TALMAGE",150,2
"WEST MENLO PARK",150,2
"HOLTVILLE",145,3
"BUTTE VALLEY",140,5
"LIVINGSTON",140,5
"VINEBURG",140,5
"BODFISH",135,2
"CAMPO",135,3
"DEER PARK",135,2
"PINE MOUNTAIN CLUB",135,2
"RUNNING SPRINGS",135,2
"LAKE VIEW TERRACE",130,4
"DSRT HOT SPGS",128,6
"BYRON",125,4
"MONARCH BEACH",125,2
"MONTE NIDO",125,2
"NILAND",125,3
"QUAIL VALLEY",125,2
"TAFT",125,2
"RIO OSO",123,8
"SAN JUAN CAPO",120,3
"LITTLERIVER",113,6
"COBB",110,3
"WOFFORD HEIGHTS",110,3
"BRIDGEVILLE",105,3
"SUNOL",105,5
"ALDERPOINT",100,1
"ANNAPOLIS",100,1
"BALLARD",100,1
"BARSTOW",100,2
"BECKWOURTH",100,1
"BELL",100,1
"BETHEL ISLAND",100,1
"BIGGS",100,1
"BLOOMINGTON",100,1
"BOWMAN",100,1
"BROOKS",100,1
"BROWNS VALLEY",100,1
"BURSON",100,2
"CABAZON",100,1
"CANYON",100,1
"CASPAR",100,2
"CHICAGO PARK",100,1
"CHINESE CAMP",100,1
"COHASSET",100,1
"COLMA",100,1
"CORNELL",100,1
"DELHI",100,1
"DOUGLAS FLAT",100,2
"EAGLE ROCK",100,1
"FORT IRWIN",100,1
"GREEN VALLEY LAKE",100,1
"GUINDA",100,1
"GUSTINE",100,1
"HEBER",100,1
"HERLONG",100,1
"HURON",100,1
"JACUMBA",100,1
"KLAMATH",100,1
"KLAMATH RIVER",100,1
"LAKE ALMANOR",100,2
"LEGGETT",100,1
"LEMON COVE",100,2
"MANHATTAN BCH",100,1
"MCCLELLAN",100,1
"MCCLOUD",100,1
"MILLVILLE",100,1
"MOJAVE",100,1
"MT BALDY",100,1
"NEEDLES",100,1
"NORTHSTAR",100,1
"ORLEANS",100,1
"ORO GRANDE",100,2
"PACIFIC PLSDS",100,1
"PALERMO",100,1
"PINE VALLEY",100,1
"PINECREST",100,1
"POTRERO",100,1
"RIO NIDO",100,1
"SHAFTER",100,1
"SHASTA",100,2
"SHAVER LAKE",100,1
"SHEEP RANCH",100,1
"SPRECKELS",100,1
"SQUAW VALLEY",100,2
"STRATHMORE",100,2
"TWAIN",100,1
"VALLECITO",100,1
"VALLEY FORD",100,1
"VALYERMO",100,1
"WASCO",100,1
"WESTPORT",100,1
"WHITETHORN",100,2
"BORREGO SPGS",98,4
"FOWLER",90,5
"JOHANNESBURG",85,2
"GUADALUPE",83,4
"BEALE AFB",70,3
"CATHEDRAL CTY",70,2
"COURTLAND",70,2
"WELDON",70,2
"RANCHO STA MARG",60,3
"ALVISO",50,1
"CARUTHERS",50,1
"DELANO",50,1
"FIELDS LANDING",50,1
"GARBERVILLE",50,2
"HIGHLAND PARK",50,1
"LOCKWOOD",50,2
"NORTH PALM SPRINGS",50,1
"OAK GLEN",50,1
"OLEMA",50,1
"QUARTZ HILL",50,1
"RANCHITA",50,1
"SANTA MARGAR",50,1
"TOLLHOUSE",50,1
"VILLA GRANDE",50,1
"LAKEHEAD",48,3
"MOUNT LAGUNA",40,1
"ROUGH READY",40,4
"KNIGHTS LANDING",35,1
"THOUSAND PLMS",32,3
"CUDAHY",25,1
"LEYSIN SWITZERLAND",20,1
